order_id,order_date,sku,qty
SO-2026-0001,2026-08-24,SKU001,110
SO-2026-0002,2026-08-28,SKU002,140
SO-2026-0003,2026-08-31,SKU003,60
SO-2026-0004,2026-09-02,SKU001,95
SO-2026-0005,2026-09-04,SKU004,70
SO-2026-0006,2026-09-05,SKU002,120
SO-2026-0007,2026-09-08,SKU005,55
SO-2026-0008,2026-09-09,SKU001,88
SO-2026-0009,2026-09-11,SKU003,70
SO-2026-0010,2026-09-13,SKU004,85
SO-2026-0011,2026-09-15,SKU002,130
SO-2026-0012,2026-09-17,SKU005,60
SO-2026-0013,2026-09-18,SKU001,92
SO-2026-0014,2026-09-19,SKU004,80
